fecha,hora,pagina,tema,idioma,ciudad,region,pais,coordenadas
2025-11-07,18:25:52,Menú,light,es,Gasteiz / Vitoria,Basque Country,ES,"42.8500,-2.6727"
2025-11-07,18:25:58,Inicio,light,es,Gasteiz / Vitoria,Basque Country,ES,"42.8500,-2.6727"
2025-11-07,21:18:28,Inicio,light,gl,Gasteiz / Vitoria,Basque Country,ES,"42.8500,-2.6727"
2025-11-07,21:18:35,Inicio,light,es,Gasteiz / Vitoria,Basque Country,ES,"42.8500,-2.6727"
2025-11-07,21:18:40,Menú,light,es,Gasteiz / Vitoria,Basque Country,ES,"42.8500,-2.6727"
2025-11-07,21:18:44,Menú,light,gl,Gasteiz / Vitoria,Basque Country,ES,"42.8500,-2.6727"
2025-11-07,21:18:55,Inicio,light,gl,Gasteiz / Vitoria,Basque Country,ES,"42.8500,-2.6727"
2025-11-08,01:39:04,Inicio,dark,gl,Gasteiz / Vitoria,Basque Country,ES,"42.8500,-2.6727"
2025-11-08,01:40:00,Menú,dark,gl,Gasteiz / Vitoria,Basque Country,ES,"42.8500,-2.6727"
2025-11-08,01:40:06,Menú,light,gl,Gasteiz / Vitoria,Basque Country,ES,"42.8500,-2.6727"
2025-11-08,01:44:26,Menú,light,gl,Gasteiz / Vitoria,Basque Country,ES,"42.8500,-2.6727"
2025-11-08,01:44:36,Menú,light,gl,Gasteiz / Vitoria,Basque Country,ES,"42.8500,-2.6727"
2025-11-08,01:44:42,Menú,dark,gl,Gasteiz / Vitoria,Basque Country,ES,"42.8500,-2.6727"
2025-11-08,01:44:54,Menú,dark,gl,Gasteiz / Vitoria,Basque Country,ES,"42.8500,-2.6727"
2025-11-08,01:44:57,Menú,dark,gl,Gasteiz / Vitoria,Basque Country,ES,"42.8500,-2.6727"
2025-11-08,01:45:00,Menú,dark,gl,Gasteiz / Vitoria,Basque Country,ES,"42.8500,-2.6727"
2025-11-08,01:45:03,Menú,dark,gl,Gasteiz / Vitoria,Basque Country,ES,"42.8500,-2.6727"
2025-11-08,01:45:55,Menú,light,gl,Gasteiz / Vitoria,Basque Country,ES,"42.8500,-2.6727"
2025-11-08,01:46:08,Menú,dark,gl,Gasteiz / Vitoria,Basque Country,ES,"42.8500,-2.6727"
2025-11-08,01:46:11,Menú,light,gl,Gasteiz / Vitoria,Basque Country,ES,"42.8500,-2.6727"
2025-11-08,01:54:29,Menú,light,gl,Gasteiz / Vitoria,Basque Country,ES,"42.8500,-2.6727"
2025-11-08,01:54:36,Menú,dark,gl,Gasteiz / Vitoria,Basque Country,ES,"42.8500,-2.6727"
2025-11-08,01:55:22,Inicio,dark,gl,Gasteiz / Vitoria,Basque Country,ES,"42.8500,-2.6727"
2025-11-08,01:55:31,Inicio,light,gl,Gasteiz / Vitoria,Basque Country,ES,"42.8500,-2.6727"
2025-11-08,01:55:36,Menú,light,gl,Gasteiz / Vitoria,Basque Country,ES,"42.8500,-2.6727"
2025-11-08,02:07:09,Inicio,light,es,Gasteiz / Vitoria,Basque Country,ES,"42.8500,-2.6727"
2025-11-08,02:09:57,Inicio,light,es,Gasteiz / Vitoria,Basque Country,ES,"42.8500,-2.6727"
2025-11-08,02:10:01,Inicio,light,es,Gasteiz / Vitoria,Basque Country,ES,"42.8500,-2.6727"
2025-11-08,02:10:33,Menú,light,gl,Gasteiz / Vitoria,Basque Country,ES,"42.8500,-2.6727"
2025-11-08,02:10:38,Inicio,light,gl,Gasteiz / Vitoria,Basque Country,ES,"42.8500,-2.6727"
2025-11-08,02:10:44,Menú,light,gl,Gasteiz / Vitoria,Basque Country,ES,"42.8500,-2.6727"
2025-11-08,02:13:41,Menú,light,gl,Gasteiz / Vitoria,Basque Country,ES,"42.8500,-2.6727"
2025-11-08,02:13:51,Menú,dark,gl,Gasteiz / Vitoria,Basque Country,ES,"42.8500,-2.6727"
2025-11-08,02:13:58,Menú,dark,es,Gasteiz / Vitoria,Basque Country,ES,"42.8500,-2.6727"
2025-11-08,02:14:02,Menú,light,es,Gasteiz / Vitoria,Basque Country,ES,"42.8500,-2.6727"
2025-11-08,02:17:29,Menú,light,es,Gasteiz / Vitoria,Basque Country,ES,"42.8500,-2.6727"
2025-11-08,02:17:40,Menú,dark,es,Gasteiz / Vitoria,Basque Country,ES,"42.8500,-2.6727"
2025-11-08,02:20:43,Menú,dark,es,Gasteiz / Vitoria,Basque Country,ES,"42.8500,-2.6727"
2025-11-08,02:20:53,Menú,light,es,Gasteiz / Vitoria,Basque Country,ES,"42.8500,-2.6727"
2025-11-08,02:20:56,Inicio,light,es,Gasteiz / Vitoria,Basque Country,ES,"42.8500,-2.6727"
2025-11-08,02:21:03,Inicio,light,gl,Gasteiz / Vitoria,Basque Country,ES,"42.8500,-2.6727"
2025-11-08,02:21:09,Menú,light,gl,Gasteiz / Vitoria,Basque Country,ES,"42.8500,-2.6727"
2025-11-08,02:22:35,Inicio,light,es,Gasteiz / Vitoria,Basque Country,ES,"42.8500,-2.6727"
2025-11-08,02:22:45,Inicio,light,es,Gasteiz / Vitoria,Basque Country,ES,"42.8500,-2.6727"
2025-11-08,02:22:57,Inicio,light,es,Gasteiz / Vitoria,Basque Country,ES,"42.8500,-2.6727"
2025-11-08,02:29:42,Inicio,light,gl,Gasteiz / Vitoria,Basque Country,ES,"42.8500,-2.6727"
2025-11-08,02:29:47,Menú,light,gl,Gasteiz / Vitoria,Basque Country,ES,"42.8500,-2.6727"
2025-11-08,02:31:27,Menú,light,gl,Gasteiz / Vitoria,Basque Country,ES,"42.8500,-2.6727"
2025-11-08,02:34:10,Menú,light,gl,Gasteiz / Vitoria,Basque Country,ES,"42.8500,-2.6727"
2025-11-08,02:35:09,Menú,light,gl,Gasteiz / Vitoria,Basque Country,ES,"42.8500,-2.6727"
2025-11-08,02:50:08,Menú,light,gl,Gasteiz / Vitoria,Basque Country,ES,"42.8500,-2.6727"
2025-11-08,02:50:24,Menú,light,gl,Gasteiz / Vitoria,Basque Country,ES,"42.8500,-2.6727"
2025-11-08,02:51:07,Menú,light,gl,Gasteiz / Vitoria,Basque Country,ES,"42.8500,-2.6727"
2025-11-08,02:55:09,Inicio,light,es,Gasteiz / Vitoria,Basque Country,ES,"42.8500,-2.6727"
